System Size,Number Of Panels,Panel Power,Number Of Inverters,Inverter Power,date,totalSnow_cm,mintempC,avgtempC,uvIndex,WindChillC,cloudcover,winddirDegree,WindGustKmph,HeatIndexC,precipMM,FeelsLikeC,visibility,humidity,pressure,DewPointC,windspeedKmph,maxtempC
8450,26,325,1,7600,333,0.000,9,16,5,14,0,239,4,14,0.000,14,10,41,1023,1,3,21
8450,26,325,1,7600,332,0.000,7,15,5,13,2,247,3,13,0.000,13,10,34,1023,-3,2,19
8450,26,325,1,7600,331,0.000,8,13,4,11,0,129,13,12,0.000,11,10,45,1022,-1,9,16
8450,26,325,1,7600,330,0.000,6,13,4,10,7,315,13,11,0.000,10,10,70,1022,5,9,15
8450,26,325,1,7600,329,0.000,10,17,5,15,0,341,5,15,0.000,15,10,65,1019,7,4,20
8450,26,325,1,7600,328,0.000,7,14,3,11,41,334,7,12,0.200,11,10,76,1017,8,5,17
8450,26,325,1,7600,327,0.000,10,15,5,13,8,327,7,13,0.000,13,10,49,1017,2,5,19
8450,26,325,1,7600,326,0.000,7,13,3,11,50,122,8,12,0.000,11,10,43,1021,0,5,17
8450,26,325,1,7600,325,0.000,9,14,4,13,20,235,10,13,0.000,13,10,43,1023,0,6,18
8450,26,325,1,7600,324,0.000,9,14,4,12,40,333,12,12,0.000,12,10,70,1024,6,8,17
8450,26,325,1,7600,323,0.000,12,16,4,15,50,234,11,15,2.100,15,10,79,1018,11,9,18
8450,26,325,1,7600,322,0.000,8,15,4,12,81,182,17,14,4.800,12,9,73,1013,9,12,18
8450,26,325,1,7600,321,0.000,12,21,6,19,10,41,6,21,0.000,19,10,57,1016,9,4,26
8450,26,325,1,7600,320,0.000,8,16,5,15,4,341,6,15,0.000,15,10,57,1024,6,5,21
8450,26,325,1,7600,319,0.000,9,15,4,13,3,337,6,13,0.000,13,10,66,1024,6,5,18
8450,26,325,1,7600,318,0.000,7,14,3,12,48,204,7,12,0.600,12,9,66,1021,5,5,17
8450,26,325,1,7600,317,0.000,8,16,5,13,3,341,5,13,0.000,13,10,61,1018,5,3,21
8450,26,325,1,7600,316,0.000,8,13,3,12,37,113,5,11,0.000,12,10,71,1019,6,3,16
8450,26,325,1,7600,315,0.000,6,13,4,11,30,222,5,11,0.000,11,10,50,1023,0,4,17
8450,26,325,1,7600,314,0.000,7,12,4,10,5,338,8,11,0.000,10,10,37,1021,-5,6,15
8450,26,325,1,7600,313,0.000,5,12,3,8,24,326,27,10,0.200,8,10,51,1010,0,18,14
8450,26,325,1,7600,312,0.000,9,13,4,12,43,306,10,13,0.600,12,10,68,1007,5,7,16
8450,26,325,1,7600,311,0.000,8,13,4,11,37,272,19,13,0.100,11,10,69,1009,6,13,15
8450,26,325,1,7600,310,0.000,17,24,6,22,1,340,6,22,0.000,22,10,55,1018,12,4,29
8450,26,325,1,7600,309,0.000,15,22,6,20,0,337,7,20,0.000,20,10,68,1021,13,6,26
8450,26,325,1,7600,308,0.000,16,22,6,20,2,333,7,21,0.000,21,10,43,1017,5,5,27
8450,26,325,1,7600,307,0.000,16,25,7,22,4,227,5,22,0.000,22,10,31,1018,3,3,31
8450,26,325,1,7600,306,0.000,16,25,6,22,3,228,3,22,0.000,22,10,30,1020,3,2,30
8450,26,325,1,7600,305,0.000,15,24,6,22,0,227,4,22,0.000,22,10,31,1018,2,3,29
8450,26,325,1,7600,304,0.000,15,23,6,21,1,340,5,22,0.000,22,10,39,1017,4,3,28
8450,26,325,1,7600,303,0.000,15,24,6,21,0,224,4,22,0.000,22,10,36,1017,4,3,29
8450,26,325,1,7600,302,0.000,14,24,6,21,0,222,5,21,0.000,21,10,31,1018,1,3,29
8450,26,325,1,7600,301,0.000,14,22,6,20,0,113,6,21,0.000,21,10,20,1018,-5,4,27
8450,26,325,1,7600,300,0.000,9,18,5,15,0,127,12,16,0.000,15,10,12,1018,-14,8,23
8450,26,325,1,7600,299,0.000,12,19,4,16,34,281,10,17,0.000,16,10,59,1013,7,6,22
8450,26,325,1,7600,298,0.000,12,21,6,19,13,310,5,20,0.000,19,10,72,1015,12,4,26
8450,26,325,1,7600,297,0.000,15,22,6,20,0,328,5,21,0.000,21,10,58,1014,10,4,27
8450,26,325,1,7600,296,0.000,18,26,7,23,0,330,5,23,0.000,23,10,48,1010,9,4,31
8450,26,325,1,7600,295,0.000,19,28,7,25,0,335,5,25,0.000,25,10,40,1009,9,4,32
8450,26,325,1,7600,294,0.000,18,28,7,25,0,337,5,25,0.000,25,10,43,1011,10,3,33
8450,26,325,1,7600,293,0.000,18,27,7,24,0,336,5,24,0.000,24,10,49,1014,11,4,30
8450,26,325,1,7600,292,0.000,19,29,7,27,0,253,6,27,0.000,27,10,40,1015,10,4,35
8450,26,325,1,7600,291,0.000,22,32,8,29,0,330,5,30,0.000,30,10,27,1013,6,3,36
8450,26,325,1,7600,290,0.000,21,30,8,29,0,228,6,29,0.000,29,10,21,1013,3,4,36
8450,26,325,1,7600,289,0.000,21,30,7,28,0,228,6,29,0.000,29,10,22,1015,3,4,35
8450,26,325,1,7600,288,0.000,20,27,7,25,0,334,8,25,0.000,25,10,44,1017,11,6,32
8450,26,325,1,7600,287,0.000,19,27,7,24,0,338,7,24,0.000,24,10,43,1018,10,5,31
8450,26,325,1,7600,286,0.000,18,27,7,24,0,222,7,24,0.000,24,10,43,1018,9,5,32
8450,26,325,1,7600,285,0.000,15,22,6,20,1,336,9,20,0.000,20,10,63,1017,12,7,25
8450,26,325,1,7600,284,0.000,14,21,6,19,24,322,9,20,0.000,19,10,74,1015,13,6,24
8450,26,325,1,7600,283,0.000,11,21,6,18,20,331,5,19,0.000,18,10,71,1015,12,3,24
8450,26,325,1,7600,282,0.000,12,21,5,18,54,320,6,20,0.000,18,10,69,1014,11,5,25
8450,26,325,1,7600,281,0.000,15,23,6,21,12,338,9,22,0.000,22,10,56,1013,10,6,30
8450,26,325,1,7600,280,0.000,16,28,6,24,30,330,6,24,0.000,24,10,41,1015,8,4,35
8450,26,325,1,7600,279,0.000,21,30,8,28,0,337,5,28,0.000,28,10,39,1016,10,4,36
8450,26,325,1,7600,278,0.000,23,30,8,27,0,331,8,28,0.000,28,10,30,1014,7,6,34
8450,26,325,1,7600,277,0.000,23,31,8,29,0,330,8,29,0.000,29,10,29,1012,7,6,36
8450,26,325,1,7600,276,0.000,24,32,8,30,0,325,9,30,0.000,30,10,25,1014,6,6,37
8450,26,325,1,7600,275,0.000,25,33,8,30,0,332,7,30,0.000,30,10,24,1014,6,5,38
8450,26,325,1,7600,274,0.000,19,30,7,27,0,340,8,27,0.000,27,10,43,1017,11,6,36
8450,26,325,1,7600,273,0.000,21,31,8,28,0,337,5,30,0.000,30,10,48,1016,14,4,36
8450,26,325,1,7600,272,0.000,23,33,8,30,0,221,5,31,0.000,31,10,33,1012,9,4,39
8450,26,325,1,7600,271,0.000,20,30,7,27,0,343,7,27,0.000,27,10,42,1011,11,5,35
8450,26,325,1,7600,270,0.000,18,26,7,23,1,323,9,24,0.000,24,10,60,1015,14,7,29
8450,26,325,1,7600,269,0.000,15,22,6,20,0,312,10,21,0.000,21,10,63,1016,12,8,26
8450,26,325,1,7600,268,0.000,16,24,6,21,18,324,13,21,0.000,21,10,70,1017,14,10,27
8450,26,325,1,7600,267,0.000,16,26,7,23,1,328,10,23,0.000,23,10,53,1018,11,8,29
8450,26,325,1,7600,266,0.000,15,26,7,23,13,325,9,23,0.000,23,10,50,1016,10,6,31
8450,26,325,1,7600,265,0.000,18,28,7,25,9,307,7,25,0.000,25,10,48,1013,10,5,33
8450,26,325,1,7600,264,0.000,17,29,7,26,6,331,5,26,0.000,26,10,47,1012,11,4,33
8450,26,325,1,7600,263,0.000,16,24,6,21,2,325,9,21,0.000,21,10,65,1014,13,8,27
8450,26,325,1,7600,262,0.000,17,24,6,21,4,328,10,22,0.000,22,10,67,1016,14,8,27
8450,26,325,1,7600,261,0.000,18,27,7,23,6,330,10,24,0.000,24,10,64,1015,14,7,31
8450,26,325,1,7600,260,0.000,16,26,7,22,23,334,13,23,0.000,23,10,73,1016,16,9,30
8450,26,325,1,7600,259,0.000,17,27,7,24,0,339,8,25,0.000,25,10,64,1017,14,6,32
8450,26,325,1,7600,258,0.000,16,26,7,23,0,227,6,23,0.000,23,10,62,1015,13,5,31
8450,26,325,1,7600,257,0.000,19,28,7,25,0,332,6,26,0.000,26,10,58,1013,14,5,33
8450,26,325,1,7600,256,0.000,18,30,7,26,0,333,5,27,0.000,27,10,51,1013,13,4,35
8450,26,325,1,7600,255,0.000,16,26,7,23,0,338,7,23,0.000,23,10,60,1016,14,6,31
8450,26,325,1,7600,254,0.000,17,28,7,25,0,320,5,26,0.000,26,10,61,1016,14,4,33
8450,26,325,1,7600,253,0.000,20,31,8,28,0,238,4,29,0.000,29,10,45,1009,11,3,36
8450,26,325,1,7600,252,0.000,24,31,8,29,0,338,13,29,0.000,29,10,26,1004,4,10,35
8450,26,325,1,7600,251,0.000,26,35,8,32,0,330,10,31,0.000,31,10,25,1009,9,7,39
8450,26,325,1,7600,250,0.000,26,37,9,34,0,336,7,34,0.000,34,10,29,1013,11,5,43
8450,26,325,1,7600,249,0.000,21,34,8,30,1,340,6,31,0.000,31,10,29,1014,8,4,39
8450,26,325,1,7600,248,0.000,16,26,7,23,0,334,10,24,0.000,24,10,52,1015,11,8,30
8450,26,325,1,7600,247,0.000,16,25,7,22,0,339,10,22,0.000,22,10,63,1016,13,8,29
8450,26,325,1,7600,246,0.000,17,27,7,24,0,338,6,25,0.000,25,10,64,1016,15,5,31
8450,26,325,1,7600,245,0.000,17,29,7,26,0,320,5,26,0.000,26,10,57,1012,14,4,34
8450,26,325,1,7600,244,0.000,18,31,8,27,0,292,4,28,0.000,28,10,53,1009,13,3,35
8450,26,325,1,7600,243,0.000,17,30,8,27,0,310,4,28,0.000,28,10,56,1010,14,3,35
8450,26,325,1,7600,242,0.000,18,30,8,27,0,275,5,28,0.000,28,10,58,1011,15,4,35
8450,26,325,1,7600,241,0.000,18,30,7,27,0,331,5,27,0.000,27,10,55,1009,14,4,35
8450,26,325,1,7600,240,0.000,16,28,7,25,0,328,5,25,0.000,25,10,59,1009,13,4,33
8450,26,325,1,7600,239,0.000,18,28,7,24,3,315,8,24,0.000,24,10,57,1010,13,7,32
8450,26,325,1,7600,238,0.000,18,27,7,25,13,288,6,26,0.000,26,10,66,1011,16,4,31
8450,26,325,1,7600,237,0.000,19,30,8,27,5,305,5,29,0.000,29,10,55,1011,15,4,35
8450,26,325,1,7600,236,0.000,18,30,8,27,28,267,6,27,0.200,27,10,48,1011,12,4,34
8450,26,325,1,7600,235,0.000,19,30,8,27,18,331,7,28,0.400,28,10,49,1011,13,5,35
8450,26,325,1,7600,234,0.000,19,28,7,25,0,322,9,25,0.000,25,10,60,1010,15,8,32
8450,26,325,1,7600,233,0.000,20,29,7,26,0,322,11,27,0.000,27,10,45,1011,11,9,34
8450,26,325,1,7600,232,0.000,24,33,8,30,1,325,13,30,0.000,30,10,26,1013,6,9,35
8450,26,325,1,7600,231,0.000,23,32,8,29,7,325,11,30,0.000,30,10,30,1014,9,7,36
8450,26,325,1,7600,230,0.000,22,32,7,29,58,326,13,31,1.300,31,10,41,1013,13,8,36
8450,26,325,1,7600,229,0.000,22,31,7,28,35,323,10,29,1.800,29,10,41,1012,13,7,36
8450,26,325,1,7600,228,0.000,24,34,8,31,2,338,8,32,0.000,32,10,40,1012,14,6,39
8450,26,325,1,7600,227,0.000,21,35,8,31,19,221,7,32,0.000,32,10,33,1011,11,5,40
8450,26,325,1,7600,226,0.000,19,31,8,27,11,285,5,28,0.000,28,10,38,1012,10,3,35
8450,26,325,1,7600,225,0.000,17,30,7,27,0,336,6,28,0.000,28,10,57,1012,15,5,34
8450,26,325,1,7600,224,0.000,18,29,7,26,0,321,6,27,0.000,27,10,59,1012,15,5,33
8450,26,325,1,7600,223,0.000,20,32,8,28,0,305,5,29,0.000,29,10,53,1012,15,4,36
8450,26,325,1,7600,222,0.000,19,32,8,29,0,308,5,30,0.000,30,10,51,1013,15,4,37
8450,26,325,1,7600,221,0.000,18,31,8,28,0,308,5,29,0.000,29,10,53,1013,14,4,36
8450,26,325,1,7600,220,0.000,14,26,7,23,4,235,5,24,0.000,24,10,58,1013,12,4,31
8450,26,325,1,7600,219,0.000,14,24,6,20,27,260,10,20,0.000,20,10,67,1013,13,8,28
8450,26,325,1,7600,218,0.000,14,21,6,18,50,286,11,19,0.000,18,10,72,1014,12,8,24
8450,26,325,1,7600,217,0.000,16,26,7,22,6,281,9,23,0.000,23,10,65,1015,13,7,31
8450,26,325,1,7600,216,0.000,18,28,7,25,0,309,10,25,0.000,25,10,54,1016,12,8,31
8450,26,325,1,7600,215,0.000,17,29,7,25,0,328,9,26,0.000,26,10,46,1016,11,7,34
8450,26,325,1,7600,214,0.000,16,28,7,25,0,323,9,26,0.000,26,10,49,1015,11,7,32
8450,26,325,1,7600,213,0.000,17,27,7,23,0,329,10,24,0.000,24,10,54,1015,12,8,31
8450,26,325,1,7600,212,0.000,17,29,7,25,0,334,7,26,0.000,26,10,55,1015,13,6,33
8450,26,325,1,7600,211,0.000,17,29,7,25,0,336,7,26,0.000,26,10,54,1012,13,6,32
8450,26,325,1,7600,210,0.000,17,29,7,26,0,336,7,27,0.000,27,10,54,1012,13,6,33
8450,26,325,1,7600,209,0.000,18,29,7,26,0,331,6,27,0.000,27,10,56,1013,14,5,33
8450,26,325,1,7600,208,0.000,17,29,7,26,1,323,5,27,0.000,27,10,53,1013,14,5,34
8450,26,325,1,7600,207,0.000,14,29,7,26,0,277,4,26,0.000,26,10,58,1012,13,3,34
8450,26,325,1,7600,206,0.000,16,26,7,23,0,321,8,23,0.000,23,10,61,1012,13,7,29
8450,26,325,1,7600,205,0.000,14,27,7,23,15,258,7,24,0.000,24,10,60,1012,13,6,33
8450,26,325,1,7600,204,0.000,13,25,6,22,25,222,7,23,0.000,23,10,67,1011,13,5,30
8450,26,325,1,7600,203,0.000,16,26,7,24,4,331,6,24,0.000,24,10,62,1011,13,5,30
8450,26,325,1,7600,202,0.000,17,27,7,24,0,332,6,25,0.000,25,10,60,1014,14,5,31
8450,26,325,1,7600,201,0.000,17,29,7,26,0,322,6,27,0.000,27,10,58,1014,15,5,33
8450,26,325,1,7600,200,0.000,17,30,8,27,0,323,5,28,0.000,28,10,57,1014,15,4,34
8450,26,325,1,7600,199,0.000,17,30,7,26,0,240,5,28,0.000,28,10,58,1014,15,4,34
8450,26,325,1,7600,198,0.000,17,29,7,25,0,319,5,27,0.000,27,10,59,1012,15,5,34
8450,26,325,1,7600,197,0.000,14,29,7,25,0,264,6,26,0.000,26,10,60,1012,14,5,34
8450,26,325,1,7600,196,0.000,12,26,7,22,9,211,9,23,0.000,23,10,63,1013,12,7,31
8450,26,325,1,7600,195,0.000,18,29,7,26,0,271,6,27,0.000,27,10,55,1012,14,5,33
8450,26,325,1,7600,194,0.000,19,31,8,27,0,326,8,27,0.000,27,10,35,1013,8,6,35
8450,26,325,1,7600,193,0.000,18,31,8,27,1,333,8,27,0.000,27,10,30,1015,7,6,36
8450,26,325,1,7600,192,0.000,18,29,7,26,24,322,10,26,0.000,26,10,41,1015,9,7,34
8450,26,325,1,7600,191,0.000,16,28,7,24,0,322,9,25,0.000,25,10,47,1012,10,7,32
8450,26,325,1,7600,190,0.000,15,29,7,26,0,323,7,26,0.000,26,10,50,1012,11,6,34
8450,26,325,1,7600,189,0.000,13,26,7,22,0,326,9,22,0.000,22,10,56,1014,10,7,30
8450,26,325,1,7600,188,0.000,15,25,7,22,0,300,10,22,0.000,22,10,49,1014,9,8,28
8450,26,325,1,7600,187,0.000,19,29,7,25,0,316,10,26,0.000,26,10,34,1015,6,8,32
8450,26,325,1,7600,186,0.000,16,29,7,25,0,329,9,25,0.000,25,10,36,1016,7,7,32
8450,26,325,1,7600,185,0.000,11,26,7,21,2,307,9,22,0.000,22,10,53,1015,9,7,30
8450,26,325,1,7600,184,0.000,11,23,6,19,6,198,11,20,0.000,20,10,63,1012,10,8,27
8450,26,325,1,7600,183,0.000,14,26,7,23,1,210,8,24,0.000,24,10,59,1010,12,6,31
8450,26,325,1,7600,182,0.000,18,30,8,26,0,278,7,27,0.000,27,10,37,1012,8,5,34
8450,26,325,1,7600,181,0.000,12,26,7,22,0,319,9,22,0.000,22,10,47,1011,8,7,30
8450,26,325,1,7600,180,0.000,12,22,6,18,1,258,13,18,0.000,18,10,60,1007,9,10,25
8450,26,325,1,7600,179,0.000,19,31,8,27,2,276,6,28,0.000,28,10,55,1010,15,5,35
8450,26,325,1,7600,178,0.000,18,31,8,27,0,316,6,28,0.000,28,10,57,1011,16,5,34
8450,26,325,1,7600,177,0.000,16,30,7,26,0,239,6,27,0.000,27,10,59,1008,15,5,36
8450,26,325,1,7600,176,0.000,18,31,8,27,0,296,5,28,0.000,28,10,55,1009,15,4,36
8450,26,325,1,7600,175,0.000,18,31,8,27,0,317,5,29,0.000,29,10,54,1012,15,5,36
8450,26,325,1,7600,174,0.000,15,30,7,26,0,237,5,27,0.000,27,10,57,1013,14,4,35
8450,26,325,1,7600,173,0.000,15,26,7,22,5,309,9,23,0.000,23,10,63,1014,14,8,30
8450,26,325,1,7600,172,0.000,18,30,7,26,1,301,7,27,0.000,27,10,51,1014,12,6,34
8450,26,325,1,7600,171,0.000,19,30,7,27,2,306,6,27,0.000,27,10,40,1012,10,5,34
8450,26,325,1,7600,170,0.000,18,30,8,27,0,326,7,26,0.000,26,10,31,1012,6,5,34
8450,26,325,1,7600,169,0.000,15,25,7,22,0,332,10,21,0.000,21,10,43,1013,7,8,30
8450,26,325,1,7600,168,0.000,11,19,5,16,7,303,13,17,0.000,16,10,63,1016,9,11,21
8450,26,325,1,7600,167,0.000,13,22,6,18,10,306,12,19,0.000,18,10,60,1016,10,10,24
8450,26,325,1,7600,166,0.000,12,22,6,18,27,325,12,19,0.000,18,10,64,1016,11,9,25
8450,26,325,1,7600,165,0.000,11,19,5,16,40,316,11,17,0.200,16,10,61,1018,8,9,22
8450,26,325,1,7600,164,0.000,12,20,6,17,25,296,14,17,0.000,17,10,63,1018,10,11,21
8450,26,325,1,7600,163,0.000,15,28,7,24,42,322,10,25,0.000,25,10,52,1014,11,7,32
8450,26,325,1,7600,162,0.000,15,28,6,25,21,331,9,26,0.000,26,10,43,1016,9,6,33
8450,26,325,1,7600,161,0.000,15,26,7,23,4,334,9,23,0.000,23,10,35,1020,5,7,30
8450,26,325,1,7600,160,0.000,13,22,6,19,1,329,11,20,0.000,19,10,47,1021,5,9,25
8450,26,325,1,7600,159,0.000,10,17,5,14,2,310,20,15,0.000,14,10,58,1020,6,15,20
8450,26,325,1,7600,158,0.000,11,18,5,15,20,295,15,15,0.000,15,10,64,1016,8,12,20
8450,26,325,1,7600,157,0.000,12,22,6,18,7,267,13,19,0.000,18,10,59,1009,9,10,24
8450,26,325,1,7600,156,0.000,19,34,8,29,1,302,6,30,0.000,30,10,38,1008,10,5,38
8450,26,325,1,7600,155,0.000,20,33,8,29,1,325,8,30,0.000,30,10,34,1013,10,6,36
8450,26,325,1,7600,154,0.000,16,29,7,25,7,331,8,25,0.000,25,10,42,1015,10,6,32
8450,26,325,1,7600,153,0.000,13,23,6,21,34,328,9,21,0.000,21,10,58,1015,10,7,26
8450,26,325,1,7600,152,0.000,13,21,6,19,49,320,7,21,0.000,19,10,70,1015,12,6,23
8450,26,325,1,7600,151,0.000,14,19,4,17,60,195,13,17,4.300,17,10,71,1014,12,10,21
8450,26,325,1,7600,150,0.000,16,24,6,20,26,203,10,21,0.000,21,10,62,1011,12,8,27
8450,26,325,1,7600,149,0.000,21,32,8,29,0,329,5,30,0.000,30,10,43,1012,12,5,36
8450,26,325,1,7600,148,0.000,22,33,8,30,0,328,8,31,0.000,31,10,38,1012,12,6,37
8450,26,325,1,7600,147,0.000,22,34,8,30,0,330,5,31,0.000,31,10,38,1011,13,4,38
8450,26,325,1,7600,146,0.000,19,31,8,28,1,335,6,28,0.000,28,10,35,1012,9,5,34
8450,26,325,1,7600,145,0.000,15,27,7,24,1,336,7,24,0.000,24,10,37,1014,7,6,31
8450,26,325,1,7600,144,0.000,11,23,6,19,2,320,9,20,0.000,20,10,47,1014,6,7,26
8450,26,325,1,7600,143,0.000,11,19,4,17,38,304,10,17,0.000,17,10,56,1013,7,8,22
8450,26,325,1,7600,142,0.000,10,23,6,18,6,307,9,18,0.000,18,10,59,1016,9,7,26
8450,26,325,1,7600,141,0.000,10,19,5,16,31,285,10,16,0.000,16,10,67,1019,9,8,22
8450,26,325,1,7600,140,0.000,10,18,5,15,18,299,12,16,0.000,15,10,66,1017,8,9,20
8450,26,325,1,7600,139,0.000,11,17,4,14,47,255,15,15,1.400,14,10,68,1013,8,11,19
8450,26,325,1,7600,138,0.000,13,18,4,16,77,218,18,16,2.400,16,8,74,1011,11,13,20
8450,26,325,1,7600,137,0.000,11,21,6,17,41,298,8,18,0.000,17,10,56,1013,8,6,27
8450,26,325,1,7600,136,0.000,12,20,5,17,7,314,12,17,0.000,17,10,60,1016,8,9,23
8450,26,325,1,7600,135,0.000,11,20,4,17,48,267,8,18,0.200,17,10,67,1019,10,6,24
8450,26,325,1,7600,133,0.000,11,18,4,15,55,260,13,15,0.500,15,10,68,1016,9,10,20
8450,26,325,1,7600,132,0.000,11,19,4,15,52,193,14,16,1.500,15,7,68,1014,9,10,22
8450,26,325,1,7600,131,0.000,12,24,6,21,42,278,7,21,0.000,21,10,53,1013,8,4,28
8450,26,325,1,7600,130,0.000,15,29,7,25,17,312,6,25,0.000,25,10,46,1012,9,4,32
8450,26,325,1,7600,129,0.000,16,28,6,25,34,331,5,25,0.000,25,10,31,1012,4,4,32
8450,26,325,1,7600,128,0.000,16,26,7,23,15,339,10,23,0.000,23,10,36,1014,4,7,30
8450,26,325,1,7600,127,0.000,10,21,6,18,22,332,14,19,0.000,18,10,49,1020,6,10,25
8450,26,325,1,7600,126,0.000,11,22,6,19,6,317,12,20,0.000,19,10,56,1020,8,9,25
8450,26,325,1,7600,125,0.000,9,21,6,18,14,334,11,18,0.000,18,10,38,1021,0,7,25
8450,26,325,1,7600,124,0.000,12,19,5,16,11,316,13,17,0.000,16,10,52,1022,4,9,20
8450,26,325,1,7600,123,0.000,11,20,6,18,29,310,9,19,0.000,18,10,69,1020,10,7,24
8450,26,325,1,7600,122,0.000,10,20,5,17,4,315,12,18,0.000,17,10,50,1019,5,9,23
8450,26,325,1,7600,121,0.000,13,21,5,18,19,315,12,18,0.000,18,10,55,1019,6,9,25
8450,26,325,1,7600,120,0.000,14,21,6,19,41,311,11,20,0.000,19,10,63,1016,10,8,25
8450,26,325,1,7600,119,0.000,15,26,7,22,5,329,9,23,0.000,23,10,60,1017,12,7,29
8450,26,325,1,7600,118,0.000,12,21,6,18,5,320,13,19,0.000,18,10,56,1019,8,9,24
8450,26,325,1,7600,117,0.000,16,23,6,20,0,310,10,21,0.000,21,10,50,1018,8,8,25
8450,26,325,1,7600,116,0.000,14,24,5,20,64,321,10,21,0.000,21,10,51,1017,9,7,27
8450,26,325,1,7600,115,0.000,15,24,6,21,5,327,10,22,0.000,22,10,48,1019,8,7,27
8450,26,325,1,7600,114,0.000,13,21,6,19,7,322,14,20,0.000,19,10,66,1022,11,10,24
8450,26,325,1,7600,113,0.000,11,21,6,18,5,327,10,19,0.000,18,10,64,1025,10,8,24
8450,26,325,1,7600,112,0.000,8,18,5,14,26,319,10,15,0.000,14,10,68,1023,7,8,22
8450,26,325,1,7600,111,0.000,9,17,5,14,33,313,10,15,0.000,14,10,67,1020,7,8,19
8450,26,325,1,7600,110,0.000,8,19,5,16,16,309,6,17,0.000,16,10,66,1018,8,5,23
8450,26,325,1,7600,109,0.000,10,17,5,15,42,210,8,16,0.000,15,10,65,1018,7,6,22
8450,26,325,1,7600,108,0.000,10,18,5,16,46,227,7,17,0.000,16,10,70,1014,9,5,21
8450,26,325,1,7600,107,0.000,11,21,6,18,29,196,5,19,0.000,18,10,65,1012,9,3,25
8450,26,325,1,7600,106,0.000,14,24,6,22,22,325,6,22,0.000,22,10,39,1018,4,4,27
8450,26,325,1,7600,105,0.000,12,22,6,19,0,350,8,19,0.000,19,10,45,1022,5,7,25
8450,26,325,1,7600,104,0.000,10,21,6,18,25,263,8,19,0.000,18,10,67,1020,10,6,27
8450,26,325,1,7600,103,0.000,9,18,5,15,52,270,7,16,0.000,15,10,74,1017,9,5,22
8450,26,325,1,7600,102,0.000,8,18,5,16,26,331,6,17,0.000,16,10,74,1017,9,4,22
8450,26,325,1,7600,101,0.000,10,17,4,15,60,321,10,16,0.700,15,9,75,1017,9,7,19
8450,26,325,1,7600,100,0.000,11,15,3,14,87,206,6,14,0.900,14,8,79,1016,10,5,18
8450,26,325,1,7600,99,0.000,8,16,5,13,58,258,7,14,0.000,13,10,74,1014,8,5,19
8450,26,325,1,7600,98,0.000,5,15,4,12,7,224,10,12,0.000,12,10,66,1017,5,7,19
8450,26,325,1,7600,97,0.000,5,9,2,7,75,84,7,8,11.200,7,8,81,1012,5,5,11
8450,26,325,1,7600,96,0.000,8,11,3,9,89,227,16,10,3.500,9,10,83,1006,7,11,12
8450,26,325,1,7600,95,0.000,5,11,3,9,79,179,10,9,1.600,9,9,85,1012,7,7,12
8450,26,325,1,7600,94,0.000,6,14,4,10,15,313,10,11,0.000,10,10,62,1018,3,7,18
8450,26,325,1,7600,93,0.000,9,15,5,13,1,325,10,13,0.000,13,10,53,1018,2,9,18
8450,26,325,1,7600,92,0.000,7,14,4,10,8,302,13,11,0.000,10,10,63,1016,4,10,16
8450,26,325,1,7600,91,0.000,9,16,5,13,27,321,12,13,0.000,13,10,74,1022,8,9,18
8450,26,325,1,7600,90,0.000,8,16,5,13,23,328,7,14,0.000,13,10,70,1025,7,5,18
8450,26,325,1,7600,89,0.000,8,11,3,9,86,197,10,10,6.300,9,9,85,1021,8,7,14
8450,26,325,1,7600,88,0.000,6,10,3,9,95,168,6,9,3.700,9,9,83,1023,6,4,12
8450,26,325,1,7600,87,0.000,5,11,3,8,40,286,11,10,0.000,8,10,72,1022,4,7,13
8450,26,325,1,7600,86,0.000,4,12,3,9,55,326,11,10,1.000,9,10,64,1018,2,8,15
8450,26,325,1,7600,85,0.000,5,11,3,8,68,291,12,9,3.900,8,10,72,1019,3,8,13
8450,26,325,1,7600,84,0.000,7,12,3,9,73,218,12,10,1.900,9,10,70,1021,5,9,14
8450,26,325,1,7600,83,0.000,9,15,4,13,62,285,9,13,0.100,13,10,72,1020,7,7,18
8450,26,325,1,7600,82,0.000,8,14,3,12,66,130,9,13,6.300,12,7,73,1018,7,6,17
8450,26,325,1,7600,81,0.000,8,14,3,11,59,161,7,12,0.800,11,10,71,1021,6,4,16
8450,26,325,1,7600,80,0.000,6,14,3,11,41,157,6,12,0.700,11,10,65,1022,4,4,18
8450,26,325,1,7600,79,0.000,6,13,3,10,56,200,5,10,1.000,10,10,66,1017,4,3,16
8450,26,325,1,7600,78,0.000,5,11,3,8,64,241,7,8,0.400,8,10,74,1013,4,5,13
8450,26,325,1,7600,77,0.000,4,10,3,7,66,237,9,8,4.600,7,10,73,1015,3,6,13
8450,26,325,1,7600,76,0.000,5,9,2,7,74,201,8,8,23.100,7,9,79,1014,4,6,12
8450,26,325,1,7600,75,0.000,7,10,2,7,80,216,16,9,5.800,7,10,79,1016,6,12,12
8450,26,325,1,7600,74,0.000,9,12,3,9,87,202,16,11,14.200,9,9,77,1016,7,13,13
8450,26,325,1,7600,73,0.000,7,14,4,12,36,188,14,12,0.000,12,10,73,1009,8,11,16
8450,26,325,1,7600,72,0.000,11,19,5,17,4,342,6,17,0.000,17,10,58,1011,8,5,23
8450,26,325,1,7600,71,0.000,10,18,5,16,50,343,8,17,0.600,16,9,63,1018,7,5,24
8450,26,325,1,7600,70,0.000,9,16,4,13,43,114,9,14,0.500,13,9,63,1016,6,5,22
8450,26,325,1,7600,69,0.000,7,13,3,11,48,98,5,11,0.100,11,10,66,1018,5,3,18
8450,26,325,1,7600,68,0.000,5,12,3,9,74,190,8,9,0.300,9,10,69,1016,4,6,14
8450,26,325,1,7600,67,0.000,7,12,3,10,83,259,6,10,2.900,10,10,79,1015,7,5,12
8450,26,325,1,7600,66,0.000,10,15,4,13,70,211,8,14,0.000,13,10,71,1016,7,6,19
8450,26,325,1,7600,65,0.000,10,19,4,17,29,284,6,18,0.000,17,10,72,1020,10,4,23
8450,26,325,1,7600,64,0.000,11,21,6,20,8,213,5,21,0.000,20,10,52,1018,8,3,27
8450,26,325,1,7600,63,0.000,11,19,5,17,0,234,7,17,0.000,17,10,50,1016,6,5,23
8450,26,325,1,7600,62,0.000,6,14,4,12,0,11,15,12,0.000,12,10,32,1016,-4,10,19
8450,26,325,1,7600,61,0.000,6,10,2,7,68,345,14,9,0.600,7,9,57,1015,0,10,12
8450,26,325,1,7600,60,0.000,3,13,4,10,41,291,13,11,0.000,10,10,62,1018,4,9,16
8450,26,325,1,7600,59,0.000,13,20,5,18,59,306,5,19,0.000,18,10,50,1020,6,3,25
8450,26,325,1,7600,58,0.000,11,20,6,19,28,8,5,19,0.000,19,10,50,1023,6,3,26
8450,26,325,1,7600,57,0.000,11,21,6,18,6,235,5,19,0.000,18,10,47,1025,6,3,26
8450,26,325,1,7600,56,0.000,11,19,5,17,2,235,7,18,0.000,17,10,48,1024,5,5,24
8450,26,325,1,7600,55,0.000,7,16,5,14,17,338,9,14,0.000,14,10,67,1026,7,6,21
8450,26,325,1,7600,54,0.000,7,14,4,12,21,299,8,12,0.000,12,10,74,1026,7,6,19
8450,26,325,1,7600,53,0.000,10,18,5,16,24,248,10,17,0.000,16,10,59,1017,5,6,22
8450,26,325,1,7600,52,0.000,9,16,5,14,54,124,8,14,0.000,14,10,50,1017,3,5,20
8450,26,325,1,7600,51,0.000,8,17,5,15,7,28,5,15,0.000,15,10,50,1020,3,3,23
8450,26,325,1,7600,50,0.000,9,17,5,15,2,241,4,16,0.000,15,10,50,1020,3,3,22
8450,26,325,1,7600,49,0.000,7,16,5,15,23,236,6,15,0.000,15,10,35,1017,-2,4,21
8450,26,325,1,7600,48,0.000,8,15,5,14,13,346,9,15,0.000,14,10,60,1018,4,6,20
8450,26,325,1,7600,47,0.000,8,14,3,12,26,318,10,12,0.000,12,10,69,1023,6,6,17
8450,26,325,1,7600,46,0.000,8,16,5,14,7,294,6,15,0.000,14,10,63,1023,6,4,21
8450,26,325,1,7600,45,0.000,5,14,4,12,23,213,4,13,0.000,12,10,71,1020,6,2,19
8450,26,325,1,7600,44,0.000,8,16,5,14,15,254,8,14,0.000,14,10,69,1018,6,5,21
8450,26,325,1,7600,43,0.000,9,17,5,15,13,235,6,16,0.000,15,10,47,1017,3,4,21
8450,26,325,1,7600,42,0.000,9,17,5,15,0,117,8,15,0.000,15,10,41,1018,2,5,22
8450,26,325,1,7600,41,0.000,5,14,4,12,5,119,11,13,0.000,12,10,38,1016,-2,7,20
8450,26,325,1,7600,40,0.000,6,12,4,8,0,13,30,10,0.000,8,10,39,1015,-4,20,15
8450,26,325,1,7600,39,0.000,8,15,4,13,2,303,7,13,0.000,13,10,66,1018,6,6,17
8450,26,325,1,7600,38,0.000,10,18,5,17,0,346,4,18,0.000,17,10,65,1020,8,3,22
8450,26,325,1,7600,37,0.000,8,15,5,14,5,229,5,14,0.000,14,10,58,1021,5,4,20
8450,26,325,1,7600,36,0.000,5,12,4,11,4,345,6,11,0.000,11,10,42,1023,-2,4,16
8450,26,325,1,7600,35,0.000,3,9,3,6,2,119,11,7,0.000,6,10,36,1023,-7,8,12
8450,26,325,1,7600,34,0.000,3,9,3,4,17,350,21,7,0.000,4,10,45,1020,-6,14,11
8450,26,325,1,7600,33,0.000,5,11,4,8,12,310,23,10,0.000,8,10,63,1020,2,16,12
8450,26,325,1,7600,32,0.000,10,18,5,16,17,235,5,17,0.000,16,10,70,1024,9,3,22
8450,26,325,1,7600,31,0.000,9,17,5,15,17,130,4,16,0.000,15,10,72,1025,9,3,21
8450,26,325,1,7600,30,0.000,10,15,4,13,19,332,8,13,0.000,13,9,80,1024,10,6,18
8450,26,325,1,7600,29,0.000,7,13,4,10,18,336,12,11,0.000,10,10,76,1024,6,8,16
8450,26,325,1,7600,28,0.000,7,14,3,13,35,295,6,13,0.000,13,10,78,1027,8,4,19
8450,26,325,1,7600,27,0.000,8,14,4,12,24,337,7,12,0.000,12,10,75,1028,7,5,17
8450,26,325,1,7600,26,0.000,9,14,3,13,50,268,8,13,1.000,13,9,82,1024,10,6,16
8450,26,325,1,7600,25,0.000,11,16,5,15,49,238,5,15,0.000,15,10,80,1020,11,3,20
8450,26,325,1,7600,24,0.000,10,15,5,13,33,345,5,14,0.000,13,10,80,1021,9,3,18
8450,26,325,1,7600,23,0.000,9,14,3,12,43,50,6,12,0.000,12,10,75,1022,8,3,17
8450,26,325,1,7600,22,0.000,10,15,5,13,46,350,6,13,1.200,13,8,80,1024,9,4,18
8450,26,325,1,7600,21,0.000,7,11,3,9,76,172,15,10,0.200,9,10,82,1021,7,10,15
8450,26,325,1,7600,20,0.000,8,13,4,11,48,235,6,12,0.000,11,10,64,1018,4,3,17
8450,26,325,1,7600,19,0.000,5,11,3,9,44,52,5,9,0.000,9,10,57,1020,1,3,15
8450,26,325,1,7600,18,0.000,5,10,4,9,30,18,5,9,0.000,9,10,67,1026,2,4,14
8450,26,325,1,7600,17,0.000,4,10,3,7,30,285,9,8,0.000,7,10,72,1025,3,5,14
8450,26,325,1,7600,16,0.000,5,7,2,4,81,188,22,7,22.100,4,8,85,1013,4,14,9
8450,26,325,1,7600,15,0.000,4,10,2,8,40,205,6,8,0.000,8,10,68,1018,2,3,13
8450,26,325,1,7600,14,0.000,7,11,3,9,41,326,10,10,0.400,9,10,71,1023,5,8,12
8450,26,325,1,7600,13,0.000,6,11,4,9,52,307,8,9,0.100,9,10,75,1023,5,5,13
8450,26,325,1,7600,12,0.000,6,10,4,8,19,317,9,9,0.000,8,10,75,1024,4,7,12
8450,26,325,1,7600,11,0.000,6,11,3,8,40,312,12,9,0.400,8,10,74,1025,5,9,13
8450,26,325,1,7600,10,0.000,6,12,4,11,5,146,4,12,0.000,11,10,73,1026,6,3,16
8450,26,325,1,7600,9,0.000,7,12,3,9,49,339,14,10,1.200,9,10,76,1019,6,11,13
8450,26,325,1,7600,8,0.000,7,11,3,9,72,302,9,10,0.500,9,10,79,1020,6,7,14
8450,26,325,1,7600,7,0.000,6,12,3,11,36,320,7,11,0.100,11,10,60,1023,3,5,15
8450,26,325,1,7600,6,0.000,8,14,4,12,1,120,8,13,0.000,12,10,64,1030,5,5,18
8450,26,325,1,7600,5,0.000,8,12,4,9,2,333,12,10,0.000,9,10,72,1033,5,9,14
8450,26,325,1,7600,4,0.000,8,13,3,10,48,313,11,11,0.000,10,10,81,1029,8,6,16
8450,26,325,1,7600,3,0.000,9,15,5,13,5,175,6,13,0.000,13,10,60,1023,5,3,18
8450,26,325,1,7600,2,0.000,9,13,4,11,36,335,10,12,0.000,11,9,78,1019,8,6,16
8450,26,325,1,7600,1,0.000,8,13,4,11,39,321,11,12,0.000,11,10,75,1020,7,8,17
8450,26,325,1,7600,365,0.000,7,11,4,10,7,245,7,11,0.000,10,10,69,1019,5,5,15
8450,26,325,1,7600,364,0.000,8,12,4,10,30,317,10,11,1.100,10,10,75,1015,6,7,15
8450,26,325,1,7600,363,0.000,7,9,2,8,84,199,9,9,6.400,8,8,84,1019,6,6,11
8450,26,325,1,7600,362,0.000,4,11,4,9,10,315,5,9,0.000,9,10,49,1020,-1,3,13
8450,26,325,1,7600,361,0.000,7,10,4,10,6,292,6,10,0.000,10,10,56,1019,1,4,14
8450,26,325,1,7600,360,0.000,6,10,3,7,34,270,14,9,0.500,7,10,67,1011,3,10,12
8450,26,325,1,7600,359,0.000,7,9,2,7,85,126,12,8,3.600,7,10,78,1010,5,8,11
8450,26,325,1,7600,358,0.000,5,8,2,8,56,230,7,8,0.500,8,10,76,1012,4,5,11
8450,26,325,1,7600,357,0.000,5,9,3,8,14,217,9,8,0.000,8,10,70,1012,3,7,12
8450,26,325,1,7600,356,0.000,9,11,3,9,51,195,14,10,17.400,9,9,74,1012,6,9,13
8450,26,325,1,7600,355,0.000,8,12,3,10,89,173,20,11,0.000,10,10,58,1015,2,11,15
8450,26,325,1,7600,354,0.000,8,12,3,11,92,157,9,11,0.000,11,10,71,1022,6,5,16
8450,26,325,1,7600,353,0.000,7,11,4,11,21,175,3,10,0.500,11,10,77,1023,6,2,15
8450,26,325,1,7600,352,0.000,8,11,3,8,95,195,16,10,7.500,8,9,80,1018,6,11,12
8450,26,325,1,7600,351,0.000,6,11,4,10,36,114,7,10,0.000,10,10,56,1017,1,4,15
8450,26,325,1,7600,350,0.000,4,10,4,9,17,175,5,9,0.000,9,10,59,1022,1,3,15
8450,26,325,1,7600,349,0.000,6,10,3,7,29,309,14,9,0.100,7,10,68,1020,3,10,12
8450,26,325,1,7600,347,0.000,12,15,3,14,68,236,5,14,1.000,14,7,82,1023,11,4,17
8450,26,325,1,7600,346,0.000,11,15,4,14,75,233,7,14,0.100,14,10,87,1025,12,4,18
8450,26,325,1,7600,345,0.000,10,14,4,13,54,174,5,13,0.200,13,9,76,1024,9,3,18
8450,26,325,1,7600,344,0.000,8,13,3,12,57,215,4,12,0.000,12,10,75,1023,8,3,16
8450,26,325,1,7600,343,0.000,9,15,4,13,20,245,4,13,0.100,13,10,80,1021,10,3,20
8450,26,325,1,7600,342,0.000,10,13,3,12,50,228,10,12,1.300,12,10,84,1017,9,6,16
8450,26,325,1,7600,341,0.000,11,15,3,13,70,186,27,14,6.500,13,10,83,1014,11,19,16
8450,26,325,1,7600,340,0.000,9,13,3,10,83,156,24,12,13.700,10,9,84,1015,9,15,15
8450,26,325,1,7600,339,0.000,7,12,3,11,66,159,9,11,0.400,11,10,88,1016,9,6,14
8450,26,325,1,7600,338,0.000,10,11,3,11,69,96,4,11,6.300,11,10,87,1012,9,3,12
8450,26,325,1,7600,337,0.000,10,14,3,13,79,63,6,13,7.900,13,10,84,1017,10,4,17
8450,26,325,1,7600,336,0.000,6,12,3,10,87,149,22,11,4.900,10,8,83,1016,9,14,14
8450,26,325,1,7600,335,0.000,6,11,3,8,97,152,22,10,79.700,8,6,91,1011,9,15,12
8450,26,325,1,7600,334,0.000,4,7,2,5,61,143,21,7,5.000,5,8,75,1014,3,14,9
8450,26,325,1,7600,333,0.000,4,8,2,6,68,246,7,7,0.900,6,10,70,1012,2,5,11
8450,26,325,1,7600,332,0.000,4,8,2,6,43,224,9,7,1.200,6,10,70,1003,2,6,11
8450,26,325,1,7600,331,0.000,6,9,2,7,85,260,14,8,11.000,7,9,73,1001,4,11,10
8450,26,325,1,7600,330,0.000,6,10,3,8,42,288,15,9,3.500,8,10,51,1014,-1,10,14
8450,26,325,1,7600,329,0.000,10,13,4,12,0,284,17,13,0.000,12,10,53,1017,2,12,15
8450,26,325,1,7600,328,0.000,12,18,5,17,1,199,5,18,0.000,17,10,49,1020,5,3,22
8450,26,325,1,7600,327,0.000,10,17,5,16,2,197,5,17,0.000,16,10,56,1022,6,3,23
8450,26,325,1,7600,326,0.000,9,15,4,13,7,207,6,14,0.000,13,10,65,1019,6,4,19
8450,26,325,1,7600,325,0.000,10,15,5,14,2,206,5,15,0.000,14,10,47,1009,2,4,19
8450,26,325,1,7600,324,0.000,9,15,4,13,22,299,10,14,0.100,13,10,60,1002,5,6,19
8450,26,325,1,7600,323,0.000,11,15,4,15,14,266,9,15,0.000,15,10,71,1007,9,7,18
8450,26,325,1,7600,322,0.000,16,22,6,21,0,235,4,21,0.000,21,10,38,1013,5,3,27
8450,26,325,1,7600,321,0.000,15,21,6,20,0,114,4,21,0.000,20,10,44,1017,7,3,26
8450,26,325,1,7600,320,0.000,11,20,5,18,13,221,4,20,0.000,18,10,62,1019,10,3,25
8450,26,325,1,7600,319,0.000,10,16,5,14,14,297,7,14,0.000,14,10,73,1021,9,5,20
8450,26,325,1,7600,318,0.000,11,16,5,15,25,211,8,15,0.000,15,10,72,1017,10,5,20
8450,26,325,1,7600,317,0.000,14,19,4,18,71,182,4,19,0.000,18,10,39,1014,3,2,24
8450,26,325,1,7600,316,0.000,15,20,5,19,49,185,5,19,0.000,19,10,36,1016,3,3,25
8450,26,325,1,7600,315,0.000,15,20,6,19,20,161,3,20,0.000,19,10,37,1016,3,2,24
8450,26,325,1,7600,314,0.000,13,20,6,19,5,262,5,20,0.000,19,10,40,1016,4,3,25
8450,26,325,1,7600,313,0.000,16,22,6,21,0,278,4,21,0.000,21,10,41,1019,6,3,27
8450,26,325,1,7600,312,0.000,15,22,6,21,1,204,3,22,0.000,22,10,41,1020,6,3,28
8450,26,325,1,7600,311,0.000,16,23,6,21,3,193,4,21,0.000,21,10,35,1016,4,2,28
8450,26,325,1,7600,310,0.000,15,22,6,20,4,282,4,21,0.000,20,10,38,1015,4,3,28
8450,26,325,1,7600,309,0.000,15,21,6,20,4,228,4,21,0.000,20,10,36,1016,3,3,26
8450,26,325,1,7600,308,0.000,15,22,6,21,0,255,3,21,0.000,21,10,34,1015,3,2,28
8450,26,325,1,7600,307,0.000,14,22,6,20,0,282,4,20,0.000,20,10,22,1015,-4,3,27
8450,26,325,1,7600,306,0.000,13,21,6,19,0,203,4,19,0.000,19,10,19,1019,-6,3,26
8450,26,325,1,7600,305,0.000,13,20,5,18,0,250,5,19,0.000,18,10,24,1020,-4,3,25
8450,26,325,1,7600,304,0.000,12,19,5,17,0,175,6,18,0.000,17,10,20,1021,-7,4,24
8450,26,325,1,7600,303,0.000,10,18,5,18,0,170,5,18,0.000,18,10,19,1018,-7,4,25
8450,26,325,1,7600,302,0.000,11,18,5,17,0,250,6,17,0.000,17,10,24,1014,-6,4,23
8450,26,325,1,7600,301,0.000,9,18,5,18,5,137,8,18,0.000,18,10,19,1015,-8,5,25
8450,26,325,1,7600,300,0.000,13,18,5,17,0,109,16,18,0.000,17,10,27,1009,-6,12,22
8450,26,325,1,7600,299,0.000,19,25,6,24,0,272,5,24,0.000,24,10,34,1011,5,4,29
8450,26,325,1,7600,298,0.000,21,27,7,26,0,223,6,26,0.000,26,10,20,1017,0,4,33
8450,26,325,1,7600,297,0.000,18,27,7,25,0,121,4,25,0.000,25,10,33,1013,6,3,33
8450,26,325,1,7600,296,0.000,17,24,6,23,1,269,7,23,0.000,23,10,37,1014,7,5,30
8450,26,325,1,7600,295,0.000,18,25,6,23,0,191,6,23,0.000,23,10,37,1018,7,4,30
8450,26,325,1,7600,294,0.000,16,22,6,21,1,287,6,21,0.000,21,10,55,1017,10,4,28
8450,26,325,1,7600,293,0.000,11,17,5,16,5,307,11,17,0.000,16,10,61,1018,7,8,22
8450,26,325,1,7600,292,0.000,10,17,5,15,10,304,11,16,0.000,15,10,72,1018,9,8,21
8450,26,325,1,7600,291,0.000,11,16,5,16,7,314,10,16,0.000,16,10,62,1017,7,8,20
8450,26,325,1,7600,290,0.000,11,17,4,15,33,281,13,15,0.100,15,10,69,1013,9,10,19
8450,26,325,1,7600,289,0.000,13,18,4,18,50,330,8,19,0.000,18,10,48,1014,5,6,23
8450,26,325,1,7600,288,0.000,15,23,6,21,0,300,5,22,0.000,22,10,40,1016,5,4,28
8450,26,325,1,7600,287,0.000,12,21,6,20,0,249,5,20,0.000,20,10,46,1014,5,3,28
8450,26,325,1,7600,286,0.000,12,21,6,20,24,253,5,20,0.000,20,10,32,1011,0,4,27
8450,26,325,1,7600,285,0.000,16,24,6,22,2,183,4,22,0.000,22,10,25,1012,-1,3,29
8450,26,325,1,7600,284,0.000,13,23,5,21,33,181,5,21,0.000,21,10,19,1015,-5,4,30
8450,26,325,1,7600,283,0.000,13,18,4,18,34,249,8,18,0.000,18,10,19,1014,-8,5,23
8450,26,325,1,7600,282,0.000,13,19,5,18,2,292,11,19,0.000,18,10,44,1011,4,8,23
8450,26,325,1,7600,281,0.000,17,24,5,23,31,257,7,23,0.000,23,10,34,1011,4,5,28
8450,26,325,1,7600,280,0.000,17,27,7,25,16,255,5,25,0.000,25,10,26,1014,2,4,33
8450,26,325,1,7600,279,0.000,18,25,7,24,4,172,4,24,0.000,24,10,27,1015,2,3,31
8450,26,325,1,7600,278,0.000,16,23,6,22,0,217,7,21,0.000,21,10,36,1018,3,5,28
8450,26,325,1,7600,277,0.000,12,19,5,17,0,304,8,17,0.000,17,10,55,1018,6,7,23
8450,26,325,1,7600,276,0.000,16,24,6,22,0,268,6,22,0.000,22,10,30,1014,2,4,29
8450,26,325,1,7600,275,0.000,14,21,6,19,0,267,7,19,0.000,19,10,40,1016,3,6,25
8450,26,325,1,7600,274,0.000,13,18,5,16,0,324,8,17,0.000,16,10,53,1015,5,7,22
8450,26,325,1,7600,273,0.000,10,16,5,14,13,282,11,14,0.000,14,10,64,1015,6,8,19
8450,26,325,1,7600,272,0.000,12,16,5,14,4,262,13,14,0.000,14,10,62,1012,7,10,18
8450,26,325,1,7600,271,0.000,11,16,5,15,5,251,14,16,0.000,15,10,64,1008,7,11,20
8450,26,325,1,7600,270,0.000,17,21,5,20,41,211,11,21,0.000,20,10,73,1011,14,8,23
8450,26,325,1,7600,269,0.000,20,27,7,26,0,213,9,27,0.000,27,10,51,1010,13,7,32
8450,26,325,1,7600,268,0.000,21,29,6,28,30,170,5,28,0.000,28,10,27,1008,6,3,34
8450,26,325,1,7600,267,0.000,21,29,7,27,0,288,7,28,0.000,28,10,34,1013,8,5,34
8450,26,325,1,7600,266,0.000,15,23,6,22,2,293,9,23,0.000,23,10,60,1013,12,7,28
8450,26,325,1,7600,265,0.000,20,25,6,24,24,290,7,24,0.000,24,10,46,1011,10,6,30
8450,26,325,1,7600,264,0.000,20,27,7,25,0,272,6,26,0.000,26,10,39,1012,9,5,32
8450,26,325,1,7600,263,0.000,18,25,6,23,0,319,7,23,0.000,23,10,44,1013,9,5,29
8450,26,325,1,7600,262,0.000,15,22,6,20,1,290,8,21,0.000,20,10,62,1013,11,7,26
8450,26,325,1,7600,261,0.000,14,21,5,19,40,280,10,20,0.100,19,10,71,1014,13,7,24
8450,26,325,1,7600,260,0.000,14,20,6,19,2,290,9,19,0.000,19,10,63,1016,10,7,24
8450,26,325,1,7600,259,0.000,16,20,4,19,61,261,10,19,0.800,19,10,73,1013,13,8,22
8450,26,325,1,7600,258,0.000,15,21,5,20,62,297,11,21,0.000,20,10,62,1011,10,8,25
8450,26,325,1,7600,257,0.000,20,29,7,27,10,279,7,28,0.000,28,10,28,1013,5,5,34
8450,26,325,1,7600,256,0.000,23,31,8,29,1,256,7,30,0.000,30,10,28,1014,7,5,37
8450,26,325,1,7600,255,0.000,19,29,7,26,1,271,6,26,0.000,26,10,37,1015,9,4,34
8450,26,325,1,7600,254,0.000,16,25,6,22,0,262,8,23,0.000,23,10,59,1015,12,7,30
8450,26,325,1,7600,253,0.000,13,21,6,19,29,270,11,20,0.000,19,10,69,1013,12,8,24
8450,26,325,1,7600,252,0.000,14,20,5,19,15,268,12,19,0.000,19,10,70,1014,12,9,24
8450,26,325,1,7600,251,0.000,14,20,5,18,21,281,11,19,0.000,18,10,73,1015,13,8,24
8450,26,325,1,7600,250,0.000,15,20,4,19,25,291,11,20,0.000,19,10,73,1016,12,8,23
8450,26,325,1,7600,249,0.000,18,25,6,23,1,316,9,24,0.000,24,10,63,1017,14,7,29
8450,26,325,1,7600,248,0.000,17,24,6,22,3,321,10,23,0.000,23,10,60,1014,13,8,28
8450,26,325,1,7600,247,0.000,18,26,6,24,43,296,10,25,1.600,25,10,52,1012,12,7,31
8450,26,325,1,7600,246,0.000,18,26,7,25,1,304,9,25,0.000,25,10,54,1014,12,7,31
8450,26,325,1,7600,245,0.000,21,28,7,26,2,298,9,27,0.000,27,10,45,1014,12,7,32
8450,26,325,1,7600,244,0.000,22,29,7,27,1,311,9,28,0.000,28,10,43,1012,12,7,33
8450,26,325,1,7600,243,0.000,18,28,7,26,0,287,7,26,0.000,26,10,49,1013,12,5,34
8450,26,325,1,7600,242,0.000,17,25,7,23,1,323,10,24,0.000,24,10,62,1016,14,8,30
8450,26,325,1,7600,241,0.000,18,24,6,23,7,301,7,24,0.000,24,10,68,1016,16,6,28
8450,26,325,1,7600,240,0.000,20,28,7,27,5,284,6,27,0.000,27,10,45,1012,11,5,32
8450,26,325,1,7600,239,0.000,21,29,6,28,18,311,7,29,0.100,29,10,35,1010,9,5,35
8450,26,325,1,7600,238,0.000,21,31,8,29,0,324,7,30,0.000,30,10,37,1012,10,5,36
8450,26,325,1,7600,237,0.000,21,30,8,28,0,288,6,30,0.000,30,10,49,1014,14,5,36
8450,26,325,1,7600,236,0.000,20,28,7,26,2,263,6,27,0.000,27,10,62,1012,16,5,32
8450,26,325,1,7600,235,0.000,20,28,7,26,0,214,5,28,0.000,28,10,60,1008,16,5,33
8450,26,325,1,7600,234,0.000,19,27,6,25,36,297,9,26,0.000,26,10,67,1009,17,7,31
8450,26,325,1,7600,233,0.000,16,24,6,22,4,287,9,23,0.000,23,10,62,1014,13,7,30
8450,26,325,1,7600,232,0.000,14,22,6,21,3,313,11,22,0.000,22,10,66,1015,13,9,27
8450,26,325,1,7600,231,0.000,15,25,6,23,26,271,7,24,0.000,24,10,65,1014,13,6,31
8450,26,325,1,7600,230,0.000,13,22,6,20,14,205,11,21,0.000,20,10,69,1011,13,9,27
8450,26,325,1,7600,229,0.000,16,24,6,24,5,211,10,24,0.000,24,10,63,1009,14,8,30
8450,26,325,1,7600,228,0.000,23,32,8,31,0,212,7,32,0.000,32,10,39,1010,12,5,38
8450,26,325,1,7600,227,0.000,25,35,8,33,0,252,6,34,0.000,34,10,31,1013,11,4,40
8450,26,325,1,7600,226,0.000,23,33,8,31,0,266,6,32,0.000,32,10,32,1014,10,5,38
8450,26,325,1,7600,225,0.000,20,30,7,28,0,278,7,29,0.000,29,10,38,1014,10,5,36
8450,26,325,1,7600,224,0.000,19,28,7,26,0,285,8,27,0.000,27,10,44,1015,11,6,34
8450,26,325,1,7600,223,0.000,17,25,6,23,0,306,9,24,0.000,24,10,59,1016,13,8,29
8450,26,325,1,7600,222,0.000,16,23,6,21,38,295,8,22,0.000,22,10,68,1015,14,7,26
8450,26,325,1,7600,221,0.000,14,23,6,21,15,305,9,22,0.000,22,10,59,1014,11,7,27
8450,26,325,1,7600,220,0.000,13,22,5,20,34,296,11,20,0.200,20,10,61,1014,10,8,26
8450,26,325,1,7600,219,0.000,17,24,5,22,12,292,9,23,0.200,23,10,61,1013,12,8,28
8450,26,325,1,7600,218,0.000,16,26,7,24,11,288,7,24,0.000,24,10,59,1012,13,5,32
8450,26,325,1,7600,217,0.000,15,24,5,23,47,310,7,24,0.000,24,10,61,1014,13,5,30
8450,26,325,1,7600,216,0.000,19,27,7,25,0,296,8,26,0.000,26,10,61,1014,16,6,32
8450,26,325,1,7600,215,0.000,18,28,7,26,1,291,7,27,0.000,27,10,57,1013,14,6,34
8450,26,325,1,7600,214,0.000,15,25,6,23,2,298,9,23,0.000,23,10,64,1016,14,7,31
8450,26,325,1,7600,213,0.000,16,24,6,23,0,261,9,23,0.000,23,10,63,1015,14,8,29
8450,26,325,1,7600,212,0.000,16,27,7,25,0,245,5,25,0.000,25,10,59,1014,13,4,34
8450,26,325,1,7600,211,0.000,13,23,6,21,6,290,10,22,0.000,22,10,59,1013,11,7,27
8450,26,325,1,7600,210,0.000,18,24,5,23,19,270,10,24,0.000,24,10,56,1013,12,8,28
8450,26,325,1,7600,209,0.000,24,32,8,30,0,268,6,31,0.000,31,10,36,1013,11,5,37
8450,26,325,1,7600,208,0.000,18,30,7,28,0,268,6,28,0.000,28,10,44,1015,11,5,36
8450,26,325,1,7600,207,0.000,18,28,7,26,7,264,6,27,0.000,27,10,48,1015,12,5,34
8450,26,325,1,7600,206,0.000,20,30,7,29,29,262,5,29,0.600,29,10,31,1013,7,4,36
8450,26,325,1,7600,205,0.000,19,30,7,27,4,275,7,28,0.000,28,10,29,1014,6,5,36
8450,26,325,1,7600,204,0.000,18,27,6,26,23,303,9,26,1.300,26,10,42,1015,10,7,32
8450,26,325,1,7600,203,0.000,18,29,7,27,2,284,6,28,0.000,28,10,52,1013,14,5,36
8450,26,325,1,7600,202,0.000,16,26,7,25,5,249,6,25,0.000,25,10,59,1012,14,5,32
8450,26,325,1,7600,201,0.000,14,25,5,23,14,232,7,24,0.000,24,10,63,1012,14,6,32
8450,26,325,1,7600,200,0.000,14,23,6,22,18,198,10,22,0.000,22,10,64,1012,13,8,29
8450,26,325,1,7600,199,0.000,16,24,6,23,5,224,9,24,0.000,24,10,65,1013,15,7,30
8450,26,325,1,7600,198,0.000,13,26,7,23,1,243,8,24,0.000,24,10,58,1012,12,6,34
